{"mean":{"confidence_interval":{"confidence_level":0.95,"lower_bound":370262427.9,"upper_bound":375134336.0},"point_estimate":372691241.0,"standard_error":1239246.960757957},"median":{"confidence_interval":{"confidence_level":0.95,"lower_bound":372237100.0,"upper_bound":375268000.0},"point_estimate":373467600.0,"standard_error":758805.3715731824},"median_abs_dev":{"confidence_interval":{"confidence_level":0.95,"lower_bound":5924914.274811745,"upper_bound":18080751.459002495},"point_estimate":11641374.99332428,"standard_error":3400612.7419799217},"slope":null,"std_dev":{"confidence_interval":{"confidence_level":0.95,"lower_bound":10827833.093563303,"upper_bound":14083443.977653416},"point_estimate":12548532.330609104,"standard_error":830022.4362258147}}