{"mean":{"confidence_interval":{"confidence_level":0.95,"lower_bound":481337702.82500035,"upper_bound":638643384.0},"point_estimate":553499696.0,"standard_error":39557538.13011211},"median":{"confidence_interval":{"confidence_level":0.95,"lower_bound":423865500.0,"upper_bound":436280150.0},"point_estimate":431338650.0,"standard_error":4251510.321774603},"median_abs_dev":{"confidence_interval":{"confidence_level":0.95,"lower_bound":9695388.397872448,"upper_bound":23580456.06136322},"point_estimate":16113711.943924427,"standard_error":4105872.8233568342},"slope":null,"std_dev":{"confidence_interval":{"confidence_level":0.95,"lower_bound":232593480.97149694,"upper_bound":522760022.0722129},"point_estimate":394402564.3558238,"standard_error":74015226.07314074}}